{
 "game": "SCUS-94423",
 "static_entries": 2859,
 "sources": {
  "live_session": {
   "needed": 107,
   "covered_here": 11,
   "missed": 96,
   "recall_entry": 0.102803738317757,
   "covered_by_code_range": 72,
   "missed_code_range": 35,
   "recall_code_range": 0.6728971962616822
  },
  "live_session_combined_bios": {
   "needed": 107,
   "covered_here": 14,
   "missed": 93,
   "recall_entry": 0.1308411214953271,
   "covered_by_code_range": 107,
   "missed_code_range": 0,
   "recall_code_range": 1.0
  }
 },
 "static_quarantined_zero_ranges": [],
 "bios_dispatch": "F:\\Projects\\psxrecomp\\ApeEscapeRecomp\\psxrecomp-v4\\generated\\SCPH1001_dispatch.c",
 "bios_static_entries": 1314,
 "bios_static_ranges": 37,
 "live_addendum_audit": {
  "v1_records": 0,
  "v2_records": 21,
  "invalid_records": 0,
  "duplicate_refs": 0,
  "verified_snapshots": 21
 },
 "live_misses": [
  "0x80000C80",
  "0x80000CCC",
  "0x80000CEC",
  "0x80000DE8",
  "0x80000DF8",
  "0x80000E08",
  "0x80000E10",
  "0x80000E18",
  "0x80000E20",
  "0x80000E28",
  "0x80000E38",
  "0x80000E44",
  "0x80004D6C",
  "0x80004D80",
  "0x80004D88",
  "0x80004D8C",
  "0x80004DA8",
  "0x80004DE4",
  "0x80004DF0",
  "0x80004DF8",
  "0x80004E10",
  "0x80004EE0",
  "0x80004F3C",
  "0x8000641C",
  "0x80006430",
  "0x80006444",
  "0x80006458",
  "0x80006474",
  "0x800064E8",
  "0x800064EC",
  "0x8000650C",
  "0x80006514",
  "0x80006588",
  "0x8000658C",
  "0x80006594",
  "0x80136048",
  "0x80136050",
  "0x80136058",
  "0x80136060",
  "0x8013606C",
  "0x80136070",
  "0x80136078",
  "0x80136098",
  "0x801360A0",
  "0x801360B0",
  "0x801360B8",
  "0x801360C0",
  "0x801360D0",
  "0x801360F4",
  "0x801360F8",
  "0x8013610C",
  "0x80136118",
  "0x80136128",
  "0x80136154",
  "0x8013615C",
  "0x80136164",
  "0x80136174",
  "0x80136184",
  "0x801361C0",
  "0x801361DC",
  "0x801361E4",
  "0x80136210",
  "0x80136234",
  "0x80136240",
  "0x80136248",
  "0x80136258",
  "0x80136260",
  "0x801362BC",
  "0x801362C4",
  "0x801362F4",
  "0x8013631C",
  "0x80136344",
  "0x80137AC0",
  "0x80137AD0",
  "0x80137AEC",
  "0x80137AF8",
  "0x80137B00",
  "0x80137B10",
  "0x80137B18",
  "0x80137E08",
  "0x80137F48",
  "0x80137FA8",
  "0x80137FFC",
  "0x8013800C",
  "0x8013860C",
  "0x80138DAC",
  "0x80138E08",
  "0x80138F20",
  "0x80138F7C",
  "0x80138FE4",
  "0x80139108",
  "0x8013AE90",
  "0x8013AECC",
  "0x8013AEF8",
  "0x8013B3D0",
  "0x8013B438"
 ],
 "live_range_misses": [
  "0x80000C80",
  "0x80000CCC",
  "0x80000CEC",
  "0x80000DE8",
  "0x80000DF8",
  "0x80000E08",
  "0x80000E10",
  "0x80000E18",
  "0x80000E20",
  "0x80000E28",
  "0x80000E38",
  "0x80000E44",
  "0x80004D6C",
  "0x80004D80",
  "0x80004D88",
  "0x80004D8C",
  "0x80004DA8",
  "0x80004DE4",
  "0x80004DF0",
  "0x80004DF8",
  "0x80004E10",
  "0x80004EE0",
  "0x80004F3C",
  "0x8000641C",
  "0x80006430",
  "0x80006444",
  "0x80006458",
  "0x80006474",
  "0x800064E8",
  "0x800064EC",
  "0x8000650C",
  "0x80006514",
  "0x80006588",
  "0x8000658C",
  "0x80006594"
 ],
 "live_combined_range_misses": []
}
